<!-- 
<?xml version="1.0" encoding="UTF-8" standalone="no"?>
    Copyright (C)  2010  Sebastián Gurin.
    Permission is granted to copy, distribute and/or modify this document
    under the terms of the GNU Free Documentation License, Version 1.3
    or any later version published by the Free Software Foundation;
    with no Invariant Sections, no Front-Cover Texts, and no Back-Cover Texts.
    A copy of the license is included in the section entitled "GNU
    Free Documentation License".

@author: sgurin 

-->


<!DOCTYPE book PUBLIC "-//OASIS//DTD DocBook XML V4.5//EN" 
  "../docbook-xml-4.5/docbookx.dtd" [

<!--<!DOCTYPE book PUBLIC "-//OASIS//DTD DocBook XML V4.4//EN"-->
<!--                "http://www.oasis-open.org/docbook/xml/4.4/docbookx.dtd" [-->
                
       <!ENTITY chapAboutThisDocument SYSTEM "chap-about-this-document.xml"> 
       <!ENTITY chapIntro SYSTEM "chap-intro.xml">
       <!ENTITY chapGettingStarted SYSTEM "chap-getting-started.xml">
       <!ENTITY chapJavaToJsTranslation SYSTEM "chap-java-to-js-translation.xml"> 
       <!ENTITY chapj2sPlugin SYSTEM "chap-j2s-plugin.xml">       
       <!ENTITY chapJavaSupport SYSTEM "chap-java-support.xml">     
       <!ENTITY chapIntegratedLibs SYSTEM "chap-integrated-libs.xml">
       <!ENTITY chapClientServerComunication SYSTEM "chap-client-server-comunication.xml">
       <!ENTITY chapj2sCompilerDirectives SYSTEM "chap-j2s-compiler-directives.xml">
       <!ENTITY chapWorkingWithNativeCode SYSTEM "chap-working-with-native-code.xml">
       <!ENTITY chapj2sSources SYSTEM "chap-j2s-sources.xml">
       <!ENTITY appendixJavaEmulationAPI SYSTEM "app-java-emulation-api.xml">
       <!ENTITY appendixFdl SYSTEM "appendix-fdl.xml">
       
]>

<book>

  <bookinfo>
    <title>Java2Script User's Guide</title>
    <authorgroup>
      <author>
        <firstname>Sebastián</firstname>
        <surname>Gurin</surname>        
        <affiliation>
          <orgname>Java2Script</orgname>
        </affiliation>
      </author>
    </authorgroup>
<!--    <edition>Java2Script User's Guide</edition>-->
    <pubdate>2010</pubdate>
    <copyright>
      <year>2010</year>
      <holder>Java2Script</holder>
    </copyright>

    <legalnotice>
      <para>Copyright (C)  2010  Sebastián Gurin. </para>
   <para> Permission is granted to copy, distribute and/or modify this document
    under the terms of the GNU Free Documentation License, Version 1.3
    or any later version published by the Free Software Foundation;
    with no Invariant Sections, no Front-Cover Texts, and no Back-Cover Texts.
    A copy of the license is included in the section entitled "GNU
    Free Documentation License".</para>
    </legalnotice>




  <revhistory>

    <revision>
      <revnumber>0.00</revnumber>
      <date>28 October 2010</date>
      <authorinitials>sgurin</authorinitials>
      <revremark>Initial revision</revremark>
    </revision>

  </revhistory>
  
  
  
   <abstract>
    <para>
      This document is for Java programmers who want to start
      programming its web applications in Java language using Java to JavaScript
      compiler
      <ulink url="http://j2s.sourceforge.net/">Java2Script</ulink>      .
    </para>
  </abstract>
  
  
  </bookinfo>


  


 
  
  
  
  
  
  
    
    &chapAboutThisDocument;
    &chapIntro;
    &chapGettingStarted;
    &chapj2sPlugin;
    &chapJavaSupport;
    &chapIntegratedLibs;
    &chapj2sCompilerDirectives;    
    &chapJavaToJsTranslation;
    &chapWorkingWithNativeCode;
    &chapClientServerComunication;
    
    &chapj2sSources;
    
    &appendixJavaEmulationAPI;
    &appendixFdl;

</book>
